placeholder_player_id,player_name,ipl_2026_team,role_per_source,2026_balls_faced_rows,2026_balls_bowled_rows,bat_style (to fill),bowl_style (to fill)
90001,AM Ghazanfar,Mumbai Indians,all-rounder,3,237,,
90002,Abhinandan Singh,Royal Challengers Bangalore,bowler,0,60,,
90003,Akshat Raghuwanshi,Lucknow Super Giants,batter,27,0,,
90004,Ashok Sharma,Gujarat Titans,all-rounder,5,136,,
90005,Auqib Nabi,Delhi Capitals,all-rounder,4,84,,
90006,B Muzarabani,Kolkata Knight Riders,bowler,0,44,,
90007,BJ Dwarshuis,Punjab Kings,bowler,0,26,,
90008,Brijesh Sharma,Rajasthan Royals,all-rounder,4,297,,
90009,C Connolly,Punjab Kings,batter,316,0,,
90010,D Madushanka,Sunrisers Hyderabad,bowler,0,28,,
90011,DA Payne,Sunrisers Hyderabad,all-rounder,5,31,,
90012,DV Malewar,Mumbai Indians,batter,5,0,,
90013,FH Allen,Kolkata Knight Riders,batter,168,0,,
90014,GF Linde,Lucknow Super Giants,all-rounder,21,37,,
90015,Gurjapneet Singh,Chennai Super Kings,bowler,0,159,,
90016,JA Duffy,Royal Challengers Bangalore,bowler,0,156,,
90017,Kartik Sharma,Chennai Super Kings,batter,220,0,,
90018,Krish Bhagat,Mumbai Indians,all-rounder,21,36,,
90019,LG Pretorius,Rajasthan Royals,batter,8,0,,
90020,MD Choudhary,Lucknow Super Giants,batter,122,0,,
90021,Mayank Rawat,,,0,0,,
90022,N Sindhu,Gujarat Titans,batter,51,0,,
90023,P Nissanka,Delhi Capitals,batter,180,0,,
90024,PP Hinge,Sunrisers Hyderabad,all-rounder,9,168,,
90025,PR Veer,Chennai Super Kings,all-rounder,72,12,,
90026,R Smaran,Sunrisers Hyderabad,batter,25,0,,
90027,RS Ghosh,Chennai Super Kings,bowler,0,18,,
90028,Raghu Sharma,Mumbai Indians,bowler,0,90,,
90029,Ravi Singh,Rajasthan Royals,batter,2,0,,
90030,S Arora,Sunrisers Hyderabad,batter,81,0,,
90031,SR Dubey,Kolkata Knight Riders,all-rounder,2,87,,
90032,SS Mishra,Rajasthan Royals,all-rounder,3,47,,
90033,SU Parakh,Delhi Capitals,batter,33,0,,
90034,Sakib Hussain,Sunrisers Hyderabad,all-rounder,7,274,,
90035,Salil Arora,Sunrisers Hyderabad,batter,25,0,,
90036,Shivang Kumar,Sunrisers Hyderabad,all-rounder,50,240,,
90037,T Dahiya,Kolkata Knight Riders,batter,15,0,,
90038,T Vijay,Delhi Capitals,bowler,0,12,,
90039,Yash Raj Punja,Rajasthan Royals,bowler,0,186,,
